{
  "train_loss": [
    0.6178047616603011,
    0.46201222844548145,
    0.3556612796323784,
    0.27693184414657496,
    0.21029710150876288,
    0.1921829341484581,
    0.15946636708863712,
    0.14439064329016513,
    0.11119139823525892,
    0.11538687350733554
  ],
  "train_acc": [
    69.53290870488323,
    78.6624203821656,
    84.71337579617834,
    89.70276008492569,
    91.93205944798301,
    92.99363057324841,
    94.16135881104034,
    94.16135881104034,
    95.96602972399151,
    96.07218683651804
  ],
  "val_loss": [
    0.46284502545992534,
    0.3676327602730857,
    0.23408212827311622,
    0.15927845053374767,
    0.14281464274972677,
    0.07761595190192262,
    0.0749218583624396,
    0.06532613757169908,
    0.06436338417956398,
    0.05627702460624277
  ],
  "val_acc": [
    82.22222222222223,
    86.66666666666667,
    94.16666666666667,
    95.27777777777777,
    94.72222222222223,
    97.77777777777777,
    98.33333333333333,
    98.33333333333333,
    98.33333333333333,
    98.33333333333333
  ]
}